kategoria,seria,tytuł,zdjęcie,aktywne,notatka
Breloki,,Brelok z logo,zdjecia-produktow/breloki/BRE_1.jpg,tak,
Breloki,,Brelok handmade,zdjecia-produktow/breloki/BRE_2.jpg,tak,
Breloki,,Brelok z grafiką,zdjecia-produktow/breloki/BRE_3.jpg,tak,
Torby,Afrykański styl,,zdjecia-produktow/torby/Afrykański styl/SA_01.png,tak,
Torby,Afrykański styl,,zdjecia-produktow/torby/Afrykański styl/SA_02.png,tak,
Torby,Afrykański styl,,zdjecia-produktow/torby/Afrykański styl/SA_03.png,tak,
Torby,Afrykański styl,,zdjecia-produktow/torby/Afrykański styl/SA_04.png,tak,
Torby,Afrykański styl,,zdjecia-produktow/torby/Afrykański styl/SA_05.png,tak,
Torby,Afrykański styl,,zdjecia-produktow/torby/Afrykański styl/SA_06.png,tak,
Torby,Afrykański styl,,zdjecia-produktow/torby/Afrykański styl/SA_07.png,tak,
Torby,Afrykański styl,,zdjecia-produktow/torby/Afrykański styl/SA_08.png,tak,
Torby,Afrykański styl,,zdjecia-produktow/torby/Afrykański styl/SA_09.png,tak,
Torby,Afrykański styl,,zdjecia-produktow/torby/Afrykański styl/SA_10.png,tak,
Torby,Afrykański styl,,zdjecia-produktow/torby/Afrykański styl/SA_11.png,tak,
Torby,Afrykański styl,,zdjecia-produktow/torby/Afrykański styl/SA_12.png,tak,
Torby,Anioły Bieszczadzkie,,zdjecia-produktow/torby/Anioły Bieszczadzkie/ANI_01.png,tak,
Torby,Anioły Bieszczadzkie,,zdjecia-produktow/torby/Anioły Bieszczadzkie/ANI_02.png,tak,
Torby,Anioły Bieszczadzkie,,zdjecia-produktow/torby/Anioły Bieszczadzkie/ANI_03.png,tak,
Torby,Anioły Bieszczadzkie,,zdjecia-produktow/torby/Anioły Bieszczadzkie/ANI_04.png,tak,
Torby,Bieszczady,,zdjecia-produktow/torby/Bieszczady/BIES_01.png,tak,
Torby,Bieszczady,,zdjecia-produktow/torby/Bieszczady/BIES_02.png,tak,
Torby,Bieszczady,,zdjecia-produktow/torby/Bieszczady/BIES_03.png,tak,
Torby,Bieszczady,,zdjecia-produktow/torby/Bieszczady/BIES_04.png,tak,
Torby,Bieszczady,,zdjecia-produktow/torby/Bieszczady/BIES_05.png,tak,
Torby,Bieszczady,,zdjecia-produktow/torby/Bieszczady/BIES_06.png,tak,
Torby,Bieszczady,,zdjecia-produktow/torby/Bieszczady/BIES_07.png,tak,
Torby,Bieszczady,,zdjecia-produktow/torby/Bieszczady/BIES_08.png,tak,
Torby,Bieszczady,,zdjecia-produktow/torby/Bieszczady/BIES_09.png,tak,
Torby,Bieszczady,,zdjecia-produktow/torby/Bieszczady/BIES_10.png,tak,
Torby,Bieszczady,,zdjecia-produktow/torby/Bieszczady/BIES_11.png,tak,
Torby,Bieszczady,,zdjecia-produktow/torby/Bieszczady/BIES_12.png,tak,
Torby,Bieszczady,,zdjecia-produktow/torby/Bieszczady/BIES_13.png,tak,
Torby,Bieszczady,,zdjecia-produktow/torby/Bieszczady/BIES_15.png,tak,
Torby,Bieszczady,,zdjecia-produktow/torby/Bieszczady/BIES_16.png,tak,
Torby,Bieszczady,,zdjecia-produktow/torby/Bieszczady/BIES_17.png,tak,
Torby,Bieszczady,,zdjecia-produktow/torby/Bieszczady/BIES_18.png,tak,
Torby,Bieszczady,,zdjecia-produktow/torby/Bieszczady/BIES_19.png,tak,
Torby,Bieszczady,,zdjecia-produktow/torby/Bieszczady/BIES_20.png,tak,
Torby,Bieszczady,,zdjecia-produktow/torby/Bieszczady/BIES_21.png,tak,
Torby,Bieszczady,,zdjecia-produktow/torby/Bieszczady/BIES_22.png,tak,
Torby,Bieszczady,,zdjecia-produktow/torby/Bieszczady/BIES_23.png,tak,
Torby,Bieszczady,,zdjecia-produktow/torby/Bieszczady/BIES_24.png,tak,
Torby,Bieszczady,,zdjecia-produktow/torby/Bieszczady/BIES_25.png,tak,
Torby,Bieszczady,,zdjecia-produktow/torby/Bieszczady/BIES_26.png,tak,
Torby,Bieszczady,,zdjecia-produktow/torby/Bieszczady/BIES_27.png,tak,
Torby,Bieszczady,,zdjecia-produktow/torby/Bieszczady/BIES_28.png,tak,
Torby,Bieszczady,,zdjecia-produktow/torby/Bieszczady/BIES_29.png,tak,
Torby,Bieszczady,,zdjecia-produktow/torby/Bieszczady/BIES_30.png,tak,
Torby,Bieszczady,,zdjecia-produktow/torby/Bieszczady/BIES_31.png,tak,
Torby,Bieszczadzki klimat,,zdjecia-produktow/torby/Bieszczadzki klimat/BZWK_01_wilk.png,tak,
Torby,Bieszczadzki klimat,,zdjecia-produktow/torby/Bieszczadzki klimat/BZWK_02_wilk.png,tak,
Torby,Bieszczadzki klimat,,zdjecia-produktow/torby/Bieszczadzki klimat/BZWK_03_niedźwiedź.png,tak,
Torby,Bieszczadzki klimat,,zdjecia-produktow/torby/Bieszczadzki klimat/BZWK_04_rys.png,tak,
Torby,Bieszczadzki klimat,,zdjecia-produktow/torby/Bieszczadzki klimat/BZWK_05_ żubr.png,tak,
Torby,Bieszczadzki klimat,,zdjecia-produktow/torby/Bieszczadzki klimat/BZWK_06_jeleń.png,tak,
Torby,Bieszczadzki klimat,,zdjecia-produktow/torby/Bieszczadzki klimat/BZWK_07_jastrząb.png,tak,
Torby,Bieszczadzkie zwierzęta,,zdjecia-produktow/torby/Bieszczadzkie zwierzęta/BIESZ_01.png,tak,
Torby,Bieszczadzkie zwierzęta,,zdjecia-produktow/torby/Bieszczadzkie zwierzęta/BIESZ_02.png,tak,
Torby,Bieszczadzkie zwierzęta,,zdjecia-produktow/torby/Bieszczadzkie zwierzęta/BIESZ_03.png,tak,
Torby,Bieszczadzkie zwierzęta,,zdjecia-produktow/torby/Bieszczadzkie zwierzęta/BIESZ_04.png,tak,
Torby,Bieszczadzkie zwierzęta,,zdjecia-produktow/torby/Bieszczadzkie zwierzęta/BIESZ_05.png,tak,
Torby,Bieszczadzkie zwierzęta,,zdjecia-produktow/torby/Bieszczadzkie zwierzęta/BIESZ_06.png,tak,
Torby,Bieszczadzkie zwierzęta,,zdjecia-produktow/torby/Bieszczadzkie zwierzęta/BIESZ_07.png,tak,
Torby,Bieszczadzkie zwierzęta,,zdjecia-produktow/torby/Bieszczadzkie zwierzęta/BIESZ_08.png,tak,
Torby,Bieszczadzkie zwierzęta,,zdjecia-produktow/torby/Bieszczadzkie zwierzęta/BIESZ_09.png,tak,
Torby,Bieszczadzkie zwierzęta,,zdjecia-produktow/torby/Bieszczadzkie zwierzęta/BIESZ_10.png,tak,
Torby,Bieszczadzkie zwierzęta,,zdjecia-produktow/torby/Bieszczadzkie zwierzęta/BIESZ_11.png,tak,
Torby,Bieszczadzkie zwierzęta,,zdjecia-produktow/torby/Bieszczadzkie zwierzęta/BIESZ_12.png,tak,
Torby,Bieszczadzkie zwierzęta,,zdjecia-produktow/torby/Bieszczadzkie zwierzęta/BIESZ_13.png,tak,
Torby,Bieszczadzkie zwierzęta,,zdjecia-produktow/torby/Bieszczadzkie zwierzęta/BIESZ_14.png,tak,
Torby,Bieszczadzkie zwierzęta,,zdjecia-produktow/torby/Bieszczadzkie zwierzęta/BIESZ_15.png,tak,
Torby,Bieszczadzkie zwierzęta,,zdjecia-produktow/torby/Bieszczadzkie zwierzęta/BIESZ_16.png,tak,
Torby,Bieszczadzkie zwierzęta,,zdjecia-produktow/torby/Bieszczadzkie zwierzęta/BIESZ_17.png,tak,
Torby,Bieszczadzkie zwierzęta,,zdjecia-produktow/torby/Bieszczadzkie zwierzęta/BIESZ_18.png,tak,
Torby,Bieszczadzkie zwierzęta,,zdjecia-produktow/torby/Bieszczadzkie zwierzęta/BIESZ_19.png,tak,
Torby,Bieszczadzkie zwierzęta,,zdjecia-produktow/torby/Bieszczadzkie zwierzęta/BIESZ_20.png,tak,
Torby,Bieszczadzkie zwierzęta,,zdjecia-produktow/torby/Bieszczadzkie zwierzęta/BIESZ_21.png,tak,
Torby,Bieszczadzkie zwierzęta,,zdjecia-produktow/torby/Bieszczadzkie zwierzęta/BIESZ_22.png,tak,
Torby,Bieszczadzkie zwierzęta,,zdjecia-produktow/torby/Bieszczadzkie zwierzęta/BIESZ_23.png,tak,
Torby,Bieszczadzkie zwierzęta,,zdjecia-produktow/torby/Bieszczadzkie zwierzęta/BIESZ_24.png,tak,
Torby,Bieszczadzkie zwierzęta,,zdjecia-produktow/torby/Bieszczadzkie zwierzęta/BIESZ_25.png,tak,
Torby,Bieszczadzkie zwierzęta,,zdjecia-produktow/torby/Bieszczadzkie zwierzęta/BIESZ_26.png,tak,
Torby,Bieszczadzkie zwierzęta,,zdjecia-produktow/torby/Bieszczadzkie zwierzęta/BIESZ_27.png,tak,
Torby,Bieszczadzkie zwierzęta,,zdjecia-produktow/torby/Bieszczadzkie zwierzęta/BIESZ_28.png,tak,
Torby,Bieszczadzkie zwierzęta,,zdjecia-produktow/torby/Bieszczadzkie zwierzęta/BIESZ_29.png,tak,
Torby,Bieszczadzkie zwierzęta,,zdjecia-produktow/torby/Bieszczadzkie zwierzęta/BIESZ_30.png,tak,
Torby,Bieszczadzkie zwierzęta,,zdjecia-produktow/torby/Bieszczadzkie zwierzęta/BIESZ_31.png,tak,
Torby,Kolorowe Ptaki,,zdjecia-produktow/torby/Kolorowe Ptaki/KP_01.png,tak,
Torby,Kolorowe Ptaki,,zdjecia-produktow/torby/Kolorowe Ptaki/KP_02.png,tak,
Torby,Kolorowe Ptaki,,zdjecia-produktow/torby/Kolorowe Ptaki/KP_03.png,tak,
Torby,Kolorowe Ptaki,,zdjecia-produktow/torby/Kolorowe Ptaki/KP_04.png,tak,
Torby,Kolorowe Ptaki,,zdjecia-produktow/torby/Kolorowe Ptaki/KP_05.png,tak,
Torby,Kolorowe Ptaki,,zdjecia-produktow/torby/Kolorowe Ptaki/KP_06.png,tak,
Torby,Kolorowe Ptaki,,zdjecia-produktow/torby/Kolorowe Ptaki/KP_07.png,tak,
Torby,Kolorowe Ptaki,,zdjecia-produktow/torby/Kolorowe Ptaki/KP_08.png,tak,
Torby,Kolorowe Ptaki,,zdjecia-produktow/torby/Kolorowe Ptaki/KP_09.png,tak,
Torby,Kolorowe Ptaki,,zdjecia-produktow/torby/Kolorowe Ptaki/KP_10.png,tak,
Torby,Kolorowe Ptaki,,zdjecia-produktow/torby/Kolorowe Ptaki/KP_11.png,tak,
Torby,Kolorowe Ptaki,,zdjecia-produktow/torby/Kolorowe Ptaki/KP_12.png,tak,
Torby,Kolorowe Ptaki,,zdjecia-produktow/torby/Kolorowe Ptaki/KP_13.png,tak,
Torby,Kolorowe Ptaki,,zdjecia-produktow/torby/Kolorowe Ptaki/KP_14.png,tak,
Torby,Kolorowe Ptaki,,zdjecia-produktow/torby/Kolorowe Ptaki/KP_15.png,tak,
Torby,Kolorowe zwierzaki,,zdjecia-produktow/torby/Kolorowe zwierzaki/KZ_01.png,tak,
Torby,Kolorowe zwierzaki,,zdjecia-produktow/torby/Kolorowe zwierzaki/KZ_02.png,tak,
Torby,Kolorowe zwierzaki,,zdjecia-produktow/torby/Kolorowe zwierzaki/KZ_03.png,tak,
Torby,Kolorowe zwierzaki,,zdjecia-produktow/torby/Kolorowe zwierzaki/KZ_04.png,tak,
Torby,Kolorowe zwierzaki,,zdjecia-produktow/torby/Kolorowe zwierzaki/KZ_05.png,tak,
Torby,Kolorowe zwierzaki,,zdjecia-produktow/torby/Kolorowe zwierzaki/KZ_06.png,tak,
Torby,Kolorowe zwierzaki,,zdjecia-produktow/torby/Kolorowe zwierzaki/KZ_07.png,tak,
Torby,Kolorowe zwierzaki,,zdjecia-produktow/torby/Kolorowe zwierzaki/KZ_08.png,tak,
Torby,Kolorowe zwierzaki,,zdjecia-produktow/torby/Kolorowe zwierzaki/KZ_09.png,tak,
Torby,Kolorowe zwierzaki,,zdjecia-produktow/torby/Kolorowe zwierzaki/KZ_10.png,tak,
Torby,Kolorowe zwierzaki,,zdjecia-produktow/torby/Kolorowe zwierzaki/KZ_11.png,tak,
Torby,Kolorowe zwierzaki,,zdjecia-produktow/torby/Kolorowe zwierzaki/KZ_12.png,tak,
Torby,Kolorowe zwierzaki,,zdjecia-produktow/torby/Kolorowe zwierzaki/KZ_13.png,tak,
Torby,Kolorowe zwierzaki,,zdjecia-produktow/torby/Kolorowe zwierzaki/KZ_14.png,tak,
Torby,Kolorowe zwierzaki,,zdjecia-produktow/torby/Kolorowe zwierzaki/KZ_15.png,tak,
Torby,Kolorowe zwierzaki,,zdjecia-produktow/torby/Kolorowe zwierzaki/KZ_16.png,tak,
Torby,Kolorowe zwierzaki,,zdjecia-produktow/torby/Kolorowe zwierzaki/KZ_17.png,tak,
Torby,Kolorowe zwierzaki,,zdjecia-produktow/torby/Kolorowe zwierzaki/KZ_18.png,tak,
Torby,Konie,,zdjecia-produktow/torby/Konie/KO_01.png,tak,
Torby,Konie,,zdjecia-produktow/torby/Konie/KO_02.png,tak,
Torby,Konie,,zdjecia-produktow/torby/Konie/KO_03.png,tak,
Torby,Kwiaty,,zdjecia-produktow/torby/Kwiaty/KW_01.png,tak,
Torby,Kwiaty,,zdjecia-produktow/torby/Kwiaty/KW_02.png,tak,
Torby,Kwiaty,,zdjecia-produktow/torby/Kwiaty/KW_03.png,tak,
Torby,Kwiaty,,zdjecia-produktow/torby/Kwiaty/KW_04.png,tak,
Torby,Kwiaty,,zdjecia-produktow/torby/Kwiaty/KW_05.png,tak,
Torby,Kwiaty,,zdjecia-produktow/torby/Kwiaty/KW_06.png,tak,
Torby,Kwiaty,,zdjecia-produktow/torby/Kwiaty/KW_07.png,tak,
Torby,Kwiaty,,zdjecia-produktow/torby/Kwiaty/KW_08.png,tak,
Torby,Kwiaty,,zdjecia-produktow/torby/Kwiaty/KW_09.png,tak,
Torby,Kwiaty,,zdjecia-produktow/torby/Kwiaty/KW_10.png,tak,
Torby,Kwiaty,,zdjecia-produktow/torby/Kwiaty/KW_11.png,tak,
Torby,Kwiaty,,zdjecia-produktow/torby/Kwiaty/KW_12.png,tak,
Torby,Kwiaty,,zdjecia-produktow/torby/Kwiaty/KW_13.png,tak,
Torby,Kwiaty,,zdjecia-produktow/torby/Kwiaty/KW_14.png,tak,
Torby,Miasta,,zdjecia-produktow/torby/Miasta/LESKO.png,tak,
Torby,Miasta,,zdjecia-produktow/torby/Miasta/SANOK.png,tak,
Torby,Miasta,,zdjecia-produktow/torby/Miasta/ZAGÓRZ.png,tak,
Torby,Motoryzacja,,zdjecia-produktow/torby/Motoryzacja/MOTO_01.png,tak,
Torby,Motoryzacja,,zdjecia-produktow/torby/Motoryzacja/MOTO_02.png,tak,
Torby,Motoryzacja,,zdjecia-produktow/torby/Motoryzacja/MOTO_03.png,tak,
Torby,Motoryzacja,,zdjecia-produktow/torby/Motoryzacja/MOTO_04.png,tak,
Torby,Owady,,zdjecia-produktow/torby/Owady/OW_01.png,tak,
Torby,Owady,,zdjecia-produktow/torby/Owady/OW_02.png,tak,
Torby,Owady,,zdjecia-produktow/torby/Owady/OW_03.png,tak,
Torby,Owady,,zdjecia-produktow/torby/Owady/OW_04.png,tak,
Torby,Owady,,zdjecia-produktow/torby/Owady/OW_05.png,tak,
Torby,Owady,,zdjecia-produktow/torby/Owady/OW_06.png,tak,
Torby,Owady,,zdjecia-produktow/torby/Owady/OW_07.png,tak,
Torby,Owady,,zdjecia-produktow/torby/Owady/OW_08.png,tak,
Torby,Owady,,zdjecia-produktow/torby/Owady/OW_09.png,tak,
Torby,Owady,,zdjecia-produktow/torby/Owady/OW_10.png,tak,
Torby,Owady,,zdjecia-produktow/torby/Owady/OW_11.png,tak,
Torby,Owady,,zdjecia-produktow/torby/Owady/OW_12.png,tak,
Torby,Owady,,zdjecia-produktow/torby/Owady/OW_13.png,tak,
Torby,Retro Bieszczady,,zdjecia-produktow/torby/Retro Bieszczady/BRET_01.png,tak,
Torby,Retro Bieszczady,,zdjecia-produktow/torby/Retro Bieszczady/BRET_02.png,tak,
Torby,Retro Bieszczady,,zdjecia-produktow/torby/Retro Bieszczady/BRET_03.png,tak,
Torby,Retro Bieszczady,,zdjecia-produktow/torby/Retro Bieszczady/BRET_04.png,tak,
Torby,Retro Bieszczady,,zdjecia-produktow/torby/Retro Bieszczady/BRET_05.png,tak,
Torby,Rzuć wszystko i jedź w Bieszczady,,zdjecia-produktow/torby/Rzuć wszystko i jedź w Bieszczady/RZWB_01.PNG,tak,
Torby,Rzuć wszystko i jedź w Bieszczady,,zdjecia-produktow/torby/Rzuć wszystko i jedź w Bieszczady/RZWB_02.PNG,tak,
Torby,Rzuć wszystko i jedź w Bieszczady,,zdjecia-produktow/torby/Rzuć wszystko i jedź w Bieszczady/RZWB_03.png,tak,
Torby,Rzuć wszystko i jedź w Bieszczady,,zdjecia-produktow/torby/Rzuć wszystko i jedź w Bieszczady/RZWB_04.png,tak,
Torby,Rzuć wszystko i jedź w Bieszczady,,zdjecia-produktow/torby/Rzuć wszystko i jedź w Bieszczady/RZWB_05.png,tak,
Torby,Rzuć wszystko i jedź w Bieszczady,,zdjecia-produktow/torby/Rzuć wszystko i jedź w Bieszczady/RZWB_06.png,tak,
Torby,Rzuć wszystko i jedź w Bieszczady,,zdjecia-produktow/torby/Rzuć wszystko i jedź w Bieszczady/RZWB_07.png,tak,
Torby,Rzuć wszystko i jedź w Bieszczady,,zdjecia-produktow/torby/Rzuć wszystko i jedź w Bieszczady/RZWB_08.png,tak,
Torby,Rzuć wszystko i jedź w Bieszczady,,zdjecia-produktow/torby/Rzuć wszystko i jedź w Bieszczady/RZWB_09.png,tak,
Torby,Rzuć wszystko i jedź w Bieszczady,,zdjecia-produktow/torby/Rzuć wszystko i jedź w Bieszczady/RZWB_10.png,tak,
Torby,Rzuć wszystko i jedź w Bieszczady,,zdjecia-produktow/torby/Rzuć wszystko i jedź w Bieszczady/RZWB_11.png,tak,
Torby,Rzuć wszystko i jedź w Bieszczady,,zdjecia-produktow/torby/Rzuć wszystko i jedź w Bieszczady/RZWB_12.png,tak,
Torby,Rzuć wszystko i jedź w Bieszczady,,zdjecia-produktow/torby/Rzuć wszystko i jedź w Bieszczady/RZWB_13.png,tak,
Torby,Rzuć wszystko i jedź w Bieszczady,,zdjecia-produktow/torby/Rzuć wszystko i jedź w Bieszczady/RZWB_14.png,tak,
Torby,Rzuć wszystko i jedź w Bieszczady,,zdjecia-produktow/torby/Rzuć wszystko i jedź w Bieszczady/RZWB_15.png,tak,
Torby,Rzuć wszystko i jedź w Bieszczady,,zdjecia-produktow/torby/Rzuć wszystko i jedź w Bieszczady/RZWB_16.png,tak,
Torby,Warzywa,,zdjecia-produktow/torby/Warzywa/WAR_01.png,tak,
Torby,Warzywa,,zdjecia-produktow/torby/Warzywa/WAR_02.png,tak,
Torby,Warzywa,,zdjecia-produktow/torby/Warzywa/WAR_03.png,tak,
Torby,Warzywa,,zdjecia-produktow/torby/Warzywa/WAR_04.png,tak,
Torby,Warzywa,,zdjecia-produktow/torby/Warzywa/WAR_05.png,tak,
Torby,Zwierzęta profilem,,zdjecia-produktow/torby/Zwierzęta profilem/ZWPR_01.png,tak,
Torby,Zwierzęta profilem,,zdjecia-produktow/torby/Zwierzęta profilem/ZWPR_02.png,tak,
Torby,Zwierzęta profilem,,zdjecia-produktow/torby/Zwierzęta profilem/ZWPR_03.png,tak,
Torby,Zwierzęta profilem,,zdjecia-produktow/torby/Zwierzęta profilem/ZWPR_04.png,tak,
Torby,Zwierzęta profilem,,zdjecia-produktow/torby/Zwierzęta profilem/ZWPR_05.png,tak,
Torby,Zwierzęta profilem,,zdjecia-produktow/torby/Zwierzęta profilem/ZWPR_06.png,tak,
Torby,Zwierzęta profilem,,zdjecia-produktow/torby/Zwierzęta profilem/ZWPR_07.png,tak,
Torby,Zwierzęta profilem,,zdjecia-produktow/torby/Zwierzęta profilem/ZWPR_08.png,tak,
Torby,Zwierzęta profilem,,zdjecia-produktow/torby/Zwierzęta profilem/ZWPR_09.png,tak,
Torby,Zwierzęta profilem,,zdjecia-produktow/torby/Zwierzęta profilem/ZWPR_10.png,tak,
Torby,Zwierzęta profilem,,zdjecia-produktow/torby/Zwierzęta profilem/ZWPR_11.png,tak,
Torby,Zwierzęta profilem,,zdjecia-produktow/torby/Zwierzęta profilem/ZWPR_12.png,tak,
Torby,Zwierzęta profilem,,zdjecia-produktow/torby/Zwierzęta profilem/ZWPR_13.png,tak,
Torby,Zwierzęta profilem,,zdjecia-produktow/torby/Zwierzęta profilem/ZWPR_14.png,tak,
Torby,Zwierzęta profilem,,zdjecia-produktow/torby/Zwierzęta profilem/ZWPR_15.png,tak,
Torby,Zwierzęta profilem,,zdjecia-produktow/torby/Zwierzęta profilem/ZWPR_16.png,tak,
Torby,Zwierzęta profilem,,zdjecia-produktow/torby/Zwierzęta profilem/ZWPR_17.png,tak,
Torby,Zwierzęta profilem,,zdjecia-produktow/torby/Zwierzęta profilem/ZWPR_18.png,tak,
Torby,Zwierzęta profilem,,zdjecia-produktow/torby/Zwierzęta profilem/ZWPR_19.png,tak,
Torby,Zwierzęta profilem,,zdjecia-produktow/torby/Zwierzęta profilem/ZWPR_20.png,tak,
Torby,Zwierzęta profilem,,zdjecia-produktow/torby/Zwierzęta profilem/ZWPR_21.png,tak,
Torby,Zwierzęta profilem,,zdjecia-produktow/torby/Zwierzęta profilem/ZWPR_22.png,tak,
Torby,Zwierzęta żółte tło,,zdjecia-produktow/torby/Zwierzęta żółte tło/ZWZ_01.png,tak,
Torby,Zwierzęta żółte tło,,zdjecia-produktow/torby/Zwierzęta żółte tło/ZWZ_02.png,tak,
Torby,Zwierzęta żółte tło,,zdjecia-produktow/torby/Zwierzęta żółte tło/ZWZ_03.png,tak,
Torby,Zwierzęta żółte tło,,zdjecia-produktow/torby/Zwierzęta żółte tło/ZWZ_04.png,tak,
Torby,Zwierzęta żółte tło,,zdjecia-produktow/torby/Zwierzęta żółte tło/ZWZ_05.png,tak,
Torby,Zwierzęta żółte tło,,zdjecia-produktow/torby/Zwierzęta żółte tło/ZWZ_06.png,tak,
Torby,Zwierzęta żółte tło,,zdjecia-produktow/torby/Zwierzęta żółte tło/ZWZ_07.png,tak,
Torby,Zwierzęta żółte tło,,zdjecia-produktow/torby/Zwierzęta żółte tło/ZWZ_08.png,tak,
Torby,Zwierzęta żółte tło,,zdjecia-produktow/torby/Zwierzęta żółte tło/ZWZ_09.png,tak,
Torby,Zwięrzęta Afryki,,zdjecia-produktow/torby/Zwięrzęta Afryki/AF_01.png,tak,
Torby,Zwięrzęta Afryki,,zdjecia-produktow/torby/Zwięrzęta Afryki/AF_02.png,tak,
Torby,Zwięrzęta Afryki,,zdjecia-produktow/torby/Zwięrzęta Afryki/AF_03.png,tak,
Torby,Zwięrzęta Afryki,,zdjecia-produktow/torby/Zwięrzęta Afryki/AF_04.png,tak,
Torby,Zwięrzęta Afryki,,zdjecia-produktow/torby/Zwięrzęta Afryki/AF_05.png,tak,
Torby,Zwięrzęta Afryki,,zdjecia-produktow/torby/Zwięrzęta Afryki/AF_06.png,tak,
Torby,Zwięrzęta Afryki,,zdjecia-produktow/torby/Zwięrzęta Afryki/AF_07.png,tak,
Torby,Zwięrzęta Afryki,,zdjecia-produktow/torby/Zwięrzęta Afryki/AF_08.png,tak,
Torby,Zwięrzęta Afryki,,zdjecia-produktow/torby/Zwięrzęta Afryki/AF_09.png,tak,
Torby,Zwięrzęta Afryki,,zdjecia-produktow/torby/Zwięrzęta Afryki/AF_10.png,tak,
Torby,Zwięrzęta Afryki,,zdjecia-produktow/torby/Zwięrzęta Afryki/AF_11.png,tak,
Torby,Zwięrzęta Afryki,,zdjecia-produktow/torby/Zwięrzęta Afryki/AF_12.png,tak,
Torby,Zwięrzęta Afryki,,zdjecia-produktow/torby/Zwięrzęta Afryki/AF_13.png,tak,
Torby,Zwięrzęta Afryki,,zdjecia-produktow/torby/Zwięrzęta Afryki/AF_14.png,tak,
Torby,Zwięrzęta Afryki,,zdjecia-produktow/torby/Zwięrzęta Afryki/AF_15.png,tak,
Torby,Zwięrzęta Afryki,,zdjecia-produktow/torby/Zwięrzęta Afryki/AF_16.png,tak,
Torby,Zwięrzęta Afryki,,zdjecia-produktow/torby/Zwięrzęta Afryki/AF_17.png,tak,
Torby,Zwięrzęta Afryki,,zdjecia-produktow/torby/Zwięrzęta Afryki/AF_18.png,tak,
Torby,Zwięrzęta Afryki,,zdjecia-produktow/torby/Zwięrzęta Afryki/AF_19.png,tak,
Torby,Zwięrzęta Afryki,,zdjecia-produktow/torby/Zwięrzęta Afryki/AF_20.png,tak,
Torby,Zwięrzęta Afryki,,zdjecia-produktow/torby/Zwięrzęta Afryki/AF_21.png,tak,
Torby,Zwięrzęta Afryki,,zdjecia-produktow/torby/Zwięrzęta Afryki/AF_22.png,tak,
Torby,Zwięrzęta Afryki,,zdjecia-produktow/torby/Zwięrzęta Afryki/AF_23.png,tak,
Torby,Zwięrzęta Afryki,,zdjecia-produktow/torby/Zwięrzęta Afryki/AF_24.png,tak,
Torby,Zwięrzęta Afryki,,zdjecia-produktow/torby/Zwięrzęta Afryki/AF_25.png,tak,
